[{"标题": "算法实习生", "类别": "图像算法", "薪资": "150-250元/天", "职责": "任职要求：\n1）本科及以上学历，软件工程、计算机科学与技术相关专业；\n2）掌握 python,java等常用开发语言；\n3) 了解深度学习、机器学习相关图像处理算法，有意向学习；\n4）具有算法、建模等比赛经验，项目经验者，优先；\n5）熟悉Linux开发环境；\n6）自学能力较强，能够善用ChatGPT类似的大模型工作；\n\n岗位职责：\n1）参加项目算法模块的工作，包括不限于，模型的数据集制作、训练、部署、调优。\n2）对接后端，前端，硬件等工作。\n3）有人带，压力较小。\n4）工作时间：9:00-18:00，一般双休不加班，赶项目除外。", "地址": "长沙岳麓区竞网集团竞中心410", "地区": "长沙", "工作时间": "5天/周 3个月", "学历": "本科", "职位描述": ["Python", "Java", "深度学习", "机器学习", "工业/缺陷检测", "参加算法相关竞赛/获奖"], "id": "SakKrQ49QcK94-71cAb-mnapNJwEGWJdPwMrJJBRYNuTpeL-yWtZoD8eLEDLxpqg-8TIvDDPhQy4VNCdYU34gUBIlYOX3CSsIb7xzvJIEmOUljX6h3ZCD5zONB3HgQ871nvThSpgkixMDOHHcdmqOQDIfsWLfG2SE-Ku7582q4FSAM0nqiuirntccxkuUS-L8w~~"}, {"标题": "【华为实习生招聘】通用软件开发工程师", "类别": "Java", "薪资": "250-300元/天", "职责": "岗位职责：在这里，您将从事IT应用层软件、分布式云化软件、互联网软件等的设计开发，可以采用敏捷、Devops、开源等先进的软件设计开发模式，接触最前沿的产品和软件技术，成为大容量高并发技术的专家；您将参与华为产品的软件研发工作，包括但不限于：\n（1）完成从客户需求到软件产品定义、架构设计、开发实现、再到上线运营维护等产品生命周期中的各个环节；\n（2）创造性解决产品在实现过程中的技术难题，应用前沿技术提升产品的核心竞争力，如分布式系统、性能调优、可靠性、数据库等；\n（3）有机会参与业界前沿技术研究和规划，参与开源社区运作，与全球专家一起工作、交流，构建华为在业界影响力。\n\n任职要求：1、计算机、软件、通信等相关专业本科及以上学历；\n2、热爱编程，基础扎实，熟悉掌握但不限于JAVA/C++/C/Python/JS/HTML/GO等编程语言中的一种或数种，有良好的编程习惯；\n3、具备独立工作能力和解决问题的能力、善于沟通，乐于合作，热衷新技术，善于总结分享，喜欢动手实践；\n4、对数据结构、算法有一定了解；\n5、优选条件：\n（1）熟悉TCP/IP协议及互联网常见应用和协议的原理；\n（2）有IT应用软件、互联网软件、IOS/安卓等相关产品开发经验，不满足于课堂所学，在校期间积极参加校内外软件编程大赛或积极参于编程开源社区组织；\n（3）熟悉JS/AS/AJAX/HTML5/CSS等前端开发技术。", "地址": "长沙岳麓区长沙芯城科技园1期", "地区": "长沙", "工作时间": "5天/周 2个月", "学历": "本科", "职位描述": ["Java", "C++", "Python", "Spring", "MySQL"], "id": "lR-bc90NGd8qr-P1bTaHJl_7Sd9RhSZGDOtl27zxp9DXbaaPDeXxN8FDdrDVUfWIc0k0eZsbuIRHIk22lXO14zRGO-yuVTKD7cZehPIaiNn0LphJf0rnIdIwvyME3ODs3qg189Nt4q9OLOpRpJdkUfNmxECAto05zzsPMeCoPNPbVE6VBi77Qioq17GV"}, {"标题": "python实习生", "类别": "Python", "薪资": "200-250元/天", "职责": "岗位职责：\n1、参与项目的需求分析，业务需求的沟通，功能模块详细设计；\n2、前期负责web及app数据抓取工作；\n4、接受上级分配的其它任务。\n任职要求：\n1、2024、2025年应届本科毕业生，计算机相关专业；\n2、熟练使用python编写代码，有爬虫经验加分。\n3、有web编程经验，了解mongo、redis、flask。\n4、熟练掌握多线程、异步编程，了解分布式爬虫系统原理。\n5、了解基本的算法和数据结构，有较强的学习能力。", "地址": "长沙岳麓区五矿·麓谷科技产业园B2-202", "地区": "长沙", "工作时间": "5天/周 3个月", "学历": "本科", "职位描述": ["Python", "Flask", "Redis", "分布式经验", "爬虫经验"], "id": "d9YkF4ecI1bP2-I10puji8MYYKT4AzKrEVY1wEwfTSY4GryFGo5xQaJ1vqaHzo7AtX9G6LAIl0hYNPHY_H7k1wB5Y-ZcWCpjSQuyEtlU34CVello1DLLOpvK9e_2w4642JBMI3fyD5EnjYnznumsZdhJAuOJ18-5YYU0oqkypAGypxF5_YB9ReFmHd0isJtDDA~~"}, {"标题": "AI工程师（实习生）", "类别": "机器学习", "薪资": "250-300元/天", "职责": "岗位职责：\n1、从事机器学习算法和理论前沿研究。研究领域包括：元学习，AutoML, 深度学习，强化学习，贝叶斯学习等；\n2、 探索人工智能应用，构建智能系统，提供AI云服务；\n3、协同学术界/工业界专家资源，探索具备高度适应性的高能效AI算法、架构与平台 。\n岗位要求：\n1、计算机科学、机器学习、统计学、应用数学等相关专业；\n2、有良好的研究背景和成果，对算法研究兴趣浓厚，业务抽象能力强；具备创造性思维，能够将全新想法转化为工程应用；对研究工作充满热情，具备良好的团队合作精神和沟通能力；\n3、具备较强的编程能力，精通主流编程语言，如C++ /Java /Python等；\n4、在高水平国际会议和学术期刊发表过相关论文，或有高水平竞赛获奖经历。", "地址": "长沙岳麓区华为长沙研究所1", "地区": "长沙", "工作时间": "5天/周 2个月", "学历": "本科", "职位描述": ["深度学习", "大模型算法", "强化学习", "自然语言处理算法", "C/C++", "Python", "Java"], "id": "GZNpEDFjFuEkL--1Lzjq5nRpQksJ6gPU-zlY5-16Z2ZoRehgzHaMXZshVzK1J93Xsx6RK5oRjuGQO9eZ4WaFoZ3HPMuTInXa_OyNokUe90CkLaSJ8PGrhe8e08mlsoW-eQOxEOTgw2-5y6Y_v_lmQ_0ypNAa3LPbbeUEwWiKlnHIYM1EVTWgeHKAjtL-dQ~~"}, {"标题": "web前端实习生", "类别": "前端开发工程师", "薪资": "150-250元/天", "职责": "岗位职责：\n1、web前端的开发和维护，负责必要的测试；\n2、负责可能的额自动化构建工具和调试工具的研发、配置；\n3、持续优化产品，提升产品稳定性和性能；\n4、撰写前段交付文档和必要的技术文档；\n5、持续改善web前端体验。\n任职要求：\n1、计算机、软件、通信、电子等相关专业，熟练掌握HTML5、CSS3和JavaScript等前端技术；\n2、掌握前端工程框架，如React或Vue等；\n3、了解现代前端构建工具，如Webpack、Vite等；\n4、能够熟练使用Git进行代码版本管理；\n5、实习周期3个月以上，每周至少3天来院实习；\n6、拥有优秀的沟通和团队合作能力，有良好的编码规范和注重代码的可维护性。\n其他优先项\n1、参与过数据可视化平台前端开发；\n2、熟练TypeScript；\n3、熟练echarts、element、element-plus；\n4、具有Node.js开发经验。", "地址": "长沙岳麓区北京大学长沙计算与数字经济研究院尖山湖路2号", "地区": "长沙", "工作时间": "3天/周 3个月", "学历": "本科", "职位描述": ["JavaScript", "HTML5", "Vue"], "id": "mVrYIT5BGpJ2B-Q1s2hormn_nfDSkwzdMIEzMTB5spSjXs_1CX2miIYTdaFCaqGCevOkH1JMpoAbsrYifDApningDLrBC49R_UhiChZYs-7_Xpp8DXxTbVEVDryYUWrPPkHgetg_TJirE9bfBRFyw5jFe7TgCl2BFDvH_Qz-935vHGEs-eD_YguoSI-mhnNm3w~~"}, {"标题": "php实习生", "类别": "PHP", "薪资": "4-6K", "职责": "北京家帮帮科技有限公司致力于做最好的同城零售服务商，助力零售行业数字化升级，现因快速发展，招募优秀的研发实习生，要求和待遇：\n\n1、有开发经验，接过项目，懂PHP或者非常愿意学习，一本大学大四在校生或者研三在校生；\n2、乐于学习，自驱力好；\n3、能全职实习，24年7月毕业前有不少于3个月实习的时间；\n4、专业成绩前15%，英语过六级；\n上班时间：9：30—10：00，下班时间下午7：00—7：30；大小周休息\n6、实习薪资4000—6000/月，实习优秀者可转全职，薪资8000—10000；", "地址": "长沙鑫融国际广场南大厅11楼", "地区": "长沙", "工作时间": "在校/应届", "学历": "本科", "职位描述": ["PHP", "计算机相关专业", "英语读写能力良好"], "id": "wBtDYKc4lz5lX-11xIgvjACSfzyTFXF-pWVwqokHtPk2uBvRQ8IK4WtoM2d4-9H91PAAfJdcZupPIuqxeaQP4PkYcZBz2LQWpt2fK__77NnGS8HdMRn_vmYLpIRKTgx435na7nvI9wDT2sxyls05csXPQUXxgKvGwLLUiBuXRBIGgoEYnIWtD4N_87Ehkcd3"}, {"标题": "Java实习生", "类别": "Java", "薪资": "140-160元/天", "职责": "岗位职责：\n1. 负责JAVA后台系统的设计与开发；\n2. 配合相关后台系统完成产品的功能与设计；\n3. 配合产品人员完成需求沟通并把握功能实现；\n4. 参与完成相关JAVA新技术的调研。\n任职要求：\n1、2025年应届本科及以上学历在读学生，计算机相关专业；\n2、熟悉java语言，熟练掌握多线程编程，掌握java流行的开源框架SpringMVC/Spring Boot/Spring Cloud；\n3、熟悉面向对象理论和常用数据结构和算法、了解常用设计模式；熟悉常用的关系型数据库Mysql，有SQL调优和数据库结构设计的经验，熟悉nosql数据库hbase、redis等。", "地址": "长沙岳麓区长沙芯城科技园4号楼", "地区": "长沙", "工作时间": "3天/周 4个月", "学历": "本科", "职位描述": ["Java", "MySQL", "Redis"], "id": "jayAcfZJ8K_95-A1cf3u_2p2sVNPbrk6DwbV86Q8T2cevtCjhP1Xp8Kq0WOsfolrSkLv6EdHz8zJnTDFivbvhr4tffQowW71Vx7wyyzBDWKSab7M0hnMMRnHzKu8wicJHkoe5o66MYWA1SBFip5A-1fux-XXpQbqIZpVi3_ptp8yEll7MvtuntpCN36Q_qQ~"}, {"标题": "C++实习生（C# Windows桌面应用开发方向）", "类别": "C/C++", "薪资": "3-5K", "职责": "重要提示：必须热爱编程，在校期间写过C++相关练习和程序，再投递。\n1、本科及以上学历，计算机、软件相关专业；\n2、熟练掌握C++；熟悉常用数据结构和算法；​\n3、能阅读英文技术资料，英语四级及以上优先；\n4、参加过NOIP、ACM集训、比赛并获奖的优先；\n5、愿意学习C#和WPF，做Windows桌面应用开发。", "地址": "长沙芙蓉区世茂环球金融中心49F4907-4908", "地区": "长沙", "工作时间": "在校/应届", "学历": "本科", "职位描述": ["C++", "英语读写能力良好", "C#", "WPF"], "id": "yy4jm6a9LV6ma-H1viTWlfhGAfV1xEZe48GmyHwEEGAOgIY0w9uJRKg5eCDuciY0rBY9Z4RO58NMuhLGP350reziB0DkMKw5rKguB1u1lK2DRLGQC4B9UsC06YW20nB_BnhqonV4fXoarxI___v3yRD8Un221xUohILGf-pcuXVI26QQGxs7OoNjTro~"}, {"标题": "安卓开发实习生", "类别": "Android", "薪资": "150-250元/天", "职责": "此岗位为实习职位，优秀者有机会转全职。\n岗位职责：\n1、参与软件需求分析与设计工作；\n2、参与APP产品研发，模块的设计、编码、单元测试和文档撰写工作；\n3、公司要求的其他研发相关工作；\n\n岗位要求：\n1、应届大专以上毕业生，计算机、信息、软件、等相关专业，有项目经验者优先；\n2、实习期必须保证在6个月以上；\n3、对编程感兴趣，有志在IT行业发展的；\n4、有计算机语言基础，如:JAVA、Kotlin，C,\n5、熟练使用版本管理SVN/Git等优先考虑:\n6、熟悉安卓开发环境，有安卓APP开发项目经验者优先考虑；\n7、了解MYSQL、Oracle等主流数据库，对数据库有一定认识的优先考虑；\n8、有较强的自学能力和攻克技术难点的能力，有良好的沟通能力、积极主动性、条理性和逻辑思维能力。", "地址": "长沙岳麓区福晟金融中心3902", "地区": "长沙", "工作时间": "5天/周 6个月", "学历": "大专", "职位描述": ["Android客户端产品研发", "C++", "多线程编程能力", "架构设计能力", "计算机/软件工程相关专业"], "id": "LzuZklak3Rrac-h11vb3mxwLfaiibS5BEgNL8s4LdpHLC73RaVEcqkg3nn_irIuiHNb_o8PcrlMFfIfoJJc-4pjdpt7fcJTicbETgX5Fp3SC7MlIOyZ0J8s0pMTuF4W57l2Ipzwfrvu1C2NPtfK3unIVPF9IqC22T5AcgIsWSmGzqmMH8J4Rh7_zwcfznKys"}, {"标题": "c++实习生", "类别": "C/C++", "薪资": "150-200元/天", "职责": "重要提示：必须热爱编程，在校期间写过C++相关练习和程序，再投递。\n1、本科及以上学历，计算机、软件相关专业；\n2、熟练掌握C++；熟悉常用数据结构和算法；​\n3、能阅读英文技术资料，英语四级及以上优先；\n4、参加过NOIP、ACM集训、比赛并获奖的优先；\n5、愿意学习C#和WPF，做Windows桌面应用开发。", "地址": "长沙世茂环球金融中心49楼4907-4908", "地区": "长沙", "工作时间": "5天/周 6个月", "学历": "本科", "职位描述": ["C++", "C语言", "计算机相关专业", "C++服务端开发经验"], "id": "zhQTGPCF0Q4Vh-D1CE0YC_5ENHNwFlNuSxHm1IihNHKNoHlSNlz_AMWIppl7kNXb5t2fjxJsc-LdGQZP1UUNY5u8h54eIGD35BCWZ5JjMkOIzalstUA9__vX5lCGQlp94P0nebN79-zvSqYmhcqJ0_F8GZLr7K82KKSaP7Wni-hgne2RhNYcqclBVx9F"}, {"标题": "实施工程师（实习）", "类别": "实施工程师", "薪资": "100-150元/天", "职责": "岗位职责：\n1、 前往湖南省各片区开展实施工作；\n2、 要求组织协调能力强，需具备培训宣讲能力；\n3、 负责实施期间日常检查、功能验证、用户引导等工作；\n4、 负责现场系统需求调研、需求分析梳理等工作；\n5、 负责结合实际修改或拟定培训材料，前往各市州及区县组织培训；\n6、 负责编写项目实施运维过程中各项文档；\n7、 负责上线前后及培训阶段的问题收集及答疑；\n8、 负责上线前相关三方插件的安装；\n9、 其他指派工作；\n任职要求：\n1、 学历资格：计算机或者相关专业统招本科及以上学历；\n2、 能力要求：具备较好的组织协调能力，培训宣讲能力；逻辑思路清晰；\n3、 沟通能力：具备较好的沟通技巧，包括语言表达能力、情绪管理能力等；\n4、 技术支持：需要能够快速响应客户的技术支持需求，快速解决技术问题，保持良好的沟通和协调能力；\n5、 实习生: 2024年/2025年毕业；\n6、 乐于分享，具有良好的团队合作精神；\n7、 学习能力强，具备良好的问题分析和解决能力，愿意并致力于技术、业务政策的研究；\n8、 熟悉操作办公软件。", "地址": "长沙开福区CFC富兴时代T2写字楼43A01", "地区": "长沙", "工作时间": "7天/周 6个月", "学历": "大专", "职位描述": ["计算机相关专业", "熟练掌握SQL语句", "可适应出差"], "id": "P9aNruOlI6Qrl-513BGlNmWvX1duJ04gHto69084c9VdybcvEcSod24t7Em80pd7JHHSzlioV6Qgge2oAfxGNLIXAZkGtZsiwidREGnXLAHtxqCi5vD0yDP3td8tePU9hmMjTDOYi3Nq_hs5qaWSb0uLx8SFcFIDngyk6ZEHu_q0R6Qmqcxj6gLmmszXlQ~~"}, {"标题": "app工程师", "类别": "Android", "薪资": "120-240元/天", "职责": "这是实习生职位，优秀者有机会转全职。\n职责：\n开发与AI大模型应用相关的APP，微信小程序，网站。\n要求\n1. 面试者需有至少一个案例（大小项目均可）\n2. 熟悉API、HTTP、JSON等基础技术。\n3. 勤奋、努力和积极向上。", "地址": "长沙岳麓区德必岳麓WE511室", "地区": "长沙", "工作时间": "1天/周 3个月", "学历": "本科", "职位描述": ["Android开发经验", "HTML5", "Android客户端产品研发", "计算机/软件工程相关专业"], "id": "S0YQ6gVlKphYk-X1pnVzamGiWuURocSTHlLuHl-JVMfGT2muCfcMf2E6aWow49azvkHD8HJaZIhHgflGdcwa8HQ8TNiBxTEUOBzuJp6UtFDJnjpo6sDrsI5xa3hC5rTe3mn0L3aNAkIbybXTtw2JWaZt7FsCuqjbosPusCHXAT1n5qOIwH2AFBmFMIY~"}, {"标题": "前端开发工程师", "类别": "前端开发工程师", "薪资": "7-11K", "职责": "【岗位职责】\n1.2年及以上前端开发经验(不包括实习经验)，精通前端基础，熟练掌握流行的基本开源页面框架的使用，有能力指导团队其他前端开发同学的工作\n2.要求必须使用过react，且具备丰富的移动端、pc端经验；\n3.熟悉前端工程化与模块化，并有实践经验\n4.解决过复杂的前端问题，具备良好的解决问题能力\n5.经验丰富，知识全面，能独立解决开发中遇到的难题并有所沉淀\n6.有能力参与应用组资产与工具的沉淀，能提炼可复用组件，为组件库贡献高质量代码；\n备注：\n1.必须要有3年的实际工作经验，实习工作经验不算\n2.有团队管理经验的备注可以优先推荐\n3.当前办公地点【麓谷信息港】，明年2月左右会调整到【双碳产业园】，请提前与候选沟通。", "地址": "长沙岳麓区恒伟湘江FFC-A座5", "地区": "长沙", "工作时间": "3-5年", "学历": "本科", "职位描述": ["React", "Vue"], "id": "33VDXaSm4kW1Z-41RSFh4GEO2gK3435sPW8B7EvDr452sSGydmhCYh998XPabmMAXtsyerS_OiG19VA6NxSKpzWGDPTZ_Ly3cftY7TIy2-lw0oybSVvt2KKp4EjwyUJpcukBiWOmoFJtP7ppxjmSIWQ0Z1D00bVN3LJ7y3v3Hx2dTlCcN3iTTshwGvX5ZRRX-w~~"}, {"标题": "机器人AI大模型训练平台研发实习生", "类别": "Java", "薪资": "150-250元/天", "职责": "公司基本情况：\n湖南灵牛机器人科技有限公司作为领先的商用级智能机器人平台底座产品与解决方案提供商，致力于为客户提供领先的智能机器人通用平台产品及创新型解决方案，以”F（平台底座）+X（创新场景）”模式赋能数字化转型。公司核心团队成员来自于国内知名科技公司，拥有丰富的科技领域前沿技术研发及产业化推广经验。公司主营产品包括智能机器人通用线控底盘、高精伺服控制系统、机器人边缘计算平台、元宇宙数字孪生平台、机器人智能云等。团队在机器人高精伺服控制、多模融合高精视觉定位导航、空间计算、智能体云边端协同、机器人智能驾驶、多模融合人机交互等方面有拥有核心技术，已申报核心技术知识产权20余项，其中申报软件产品著作权11项，各类专利10余项。\n\n\n岗位职责：\n1、 参与开发用于承载机器人大模型的高效训练、推理平台，并进行算法的实现与优化\n2、参与业界前沿大模型、生成式AI、新一代空间计算等技术跟踪研究，进行效果评估和性能优化提升，设计并实现到训练系统中\n3、参与智能机器人平台产品技术的研发及场景实测验证工作，并同步推进相关知识和内容体系建设，推动相关成果在国际开源社区共享\n4、参与智能机器人技术布道工作，通过B站、YouTube、抖音等新媒体平台以技术公开课、技术主题直播、内容和活动等形式，提升公司业界影响力，构建开发者和用户生态\n\n任职要求：\n1、理工科背景，熟悉Ubuntu开发环境，熟练掌握 C/C++和 Java，熟悉Pytorch/TensorFlow中的一种，有CUDA开发和性能调优经验\n2、数学基础扎实，熟悉深度学习与分布式算法，能够清晰理解算法基本原理及实现方法，有大规模分布式算法相关开发经验者优先\n3、愿意成为社区技术分享明日之星，材料组织能力强，表达呈现能力强，呈现富有激情和感染力，有在B站、YouTube、抖音等新媒体平台直播分享经历者优先考虑\n4、潮流IP与科技爱好者，乐于技术分享，热爱钻研软件技术，有较强的自我学习能力和跨领域知识横向迁移能力\n\n\n福利待遇：\n1.本公司为初创成长型智能机器人平台产品高科技公司，行业发展前景广阔。\n2.公司为您提供具有竞争力的薪酬待遇和广阔的晋升空间。\n3.培训机会：享有公司专家团队提供的前沿技术培训及外部专业培训提升机会。\n4.福利关怀：不间断提供零食、饮品、茶点，公司为员工举办生日会，员工结婚、生育，公司提供贺礼一份！\n5.我们承诺：更多福利将随着公司的发展而逐步完善。\n\n工作环境：\n1.公司实行扁平化管理，年轻富有创意的团队，工作氛围融洽，充分尊重每一位创业伙伴。\n2.工作地点位于长沙市中心地段，地铁、公交、自驾交通出行便利。\n3.高档写字楼，优美的办公环境，现代化办公场地，办公、生活设施配套齐全。\n4.工作时间：9:00-18:00，单双周休假。", "地址": "长沙天心区英维创新大厦909", "地区": "长沙", "工作时间": "5天/周 3个月", "学历": "硕士", "职位描述": ["后端工程师", "C/C++", "Java", "Python", "计算机/软件工程相关经验", "分布式系统开发经验", "机器学习工程经验"], "id": "LXmle6fIB3sdk-m1gW_Ye5CzQmEhtk4DdNi8vo3p6ZMPEO9aM_zLFAb8fs33b0RhRmP31mzlCGFpPwve8FIOLXRnMMm-0fZJlonVnDFGWgSra4a6EwQo0a4JCEVvc9Ee6hI1DcNAPlfbAV_gkTWNDn2cjKIxvkAkFrjtW6Og7IZhjx7U8kcT8qqwbK3d0A-chg~~"}, {"标题": "前端工程师（双休+五险）", "类别": "前端开发工程师", "薪资": "6-10K", "职责": "岗位职责：\n根据项目需求，实现、维护及优化web/移动端前端页面和业务功能，完成跟后端接口联调。\n\n1、计算机相关统招本科以上学历，1年以上前端工作经验；\n2、熟练掌握Web前端开发技术(包括javascript、ajax、JQuery、vuejs 等),熟悉交互设计；\n3、熟悉地理脚本，接触过openlayer和cesium，地理相关专业优先。\n4、接受应届实习生\n\n备注：该岗位需自备电脑", "地址": "长沙天心区新兴企业中心913", "地区": "长沙", "工作时间": "1-3年", "学历": "本科", "职位描述": ["前端开发经验", "不接受居家办公"], "id": "GbGbXIWkyB5Cg-g1nF0zZ3KQvsp4H-VjgMi-bdpOtZbBWuUFD1-AyzdnP5JwM4LGv9TolvxocIbJiUOa_wPE6EdKcXgQClwWHJr9AR56l2Rj4vzdoFZeM8zlq1q8NLoOzwu7bUH2RC6MKzJHkGcmWburFkDzSW59csdtkkLBXOpEeilm_rqdCR3QAp6YWeOu"}, {"标题": "静态引擎研发实习生", "类别": "Python", "薪资": "100-150元/天", "职责": "岗位要求：\n1. 理解和分析常见web相关缺陷，参与日常审计工作；\n2. 根据各类规范、缺陷集编写对应的检查器；\n3. 对引擎进行版本测试，主要对引擎稳定性、准确率进行测试；\n任职要求：\n1. 本科以上学历，计算机科学、软件工程、信息安全、电气工程等相关专业。\n2. 熟悉Python/Java/Go中任一语言，具备良好的编程能力，掌握数据结构和计算机系统基础知识。\n3. 对计算机技术和软件安全技术有浓厚的兴趣和学习动力。\n4. 具备良好的沟通能力和团队合作精神，能够承担岗位职责，并具备问题解决能力。", "地址": "长沙开福区凯乐微谷电子商务总部基地1栋B座17楼", "地区": "长沙", "工作时间": "3天/周 3个月", "学历": "本科", "职位描述": ["Python", "Java", "MySQL", "Linux开发/部署经验"], "id": "UKyYiTJVMCHyq-s1PWpHUlWA12fOVzSLPuKEYD4k9yInc622CY-P3kxusy06ooipb7437my5mu5jUOecEUk4tM4ejXVexK9_YLGXz8vmBIfZaHro0PZPz7jBg4gIlVFkmCEmP8JnK71fvrbtq6vyPYhkSEjzB5QOb8fy9crx_OduJjb3g1AZrWpdLPZCoKI~"}, {"标题": "爬虫工程师实习", "类别": "Python", "薪资": "4-9K", "职责": "岗位职责要求\n1.参与数据采集层建设，研究与公司产品有关的舆情，负责产品信息抽取、数据清洗等研发和优化工作\n2.参与服务应用层建设，经过数据分析，以可视化方式展现数字得到商业洞见；\n3.日常数据的监控，针对异常数据，及时定位原因并解决；\n4.与产品、业务部门配合，分析业务运营指标、用户行为及流量指标，挖掘分析影响业务的关键因素，提出改善建议，并不定期提供专分析报告。\n5.良好的沟通表达、协调整合能力\n任职要求\n1.一年以上爬虫开发相关经验，熟悉常规反爬虫手段以及解决方案\n2.熟练使用正则表达式、css path、xpath等，能够从结构化的和非结构化的数据中获取信息；\n3.熟练使用Python，精通一种开源爬虫框架，如Scrapy、Requests等，有开发爬虫框架经验优先；\n4.熟悉数据库，熟悉掌握SQL，有过大数据相关经验优先；\n5.数据逻辑清晰，有过Tableau，Datav，Power BI可视化经验优先；\n6.能够进行数据清洗和分析，了解pandas、numpy等常用库", "地址": "长沙雨花区和顺集团雨花区", "地区": "长沙", "工作时间": "1年以内", "学历": "本科", "职位描述": ["爬虫", "网络爬虫技术", "爬虫经验", "Scrapy", "计算机相关专业", "数学/统计相关专业", "Python", "SQL"], "id": "GHMnQs9QLSsEZ-p1GJNlmJ1TzkUxTPaa8TTQIHg7PtOQycbGt4GJ0huHV2bEyZeaDA7h9FU0VYdMNjA9AkVhH-9mHWFEhGpuVaE9LkeMsvzyu6iYrC_0igcokZtIL1jBKnGEObnb5qHj18PHG2sRjWiavB27eRkQGMNKD7npLUX2yQ5ASUl27iRGBSERwqeMjg~~"}, {"标题": "golang开发实习生", "类别": "Golang", "薪资": "120-200元/天", "职责": "岗位职责：\n1.协助团队进行后端系统的开发与维护，理解并学习系统的架构设计；\n2.学习并理解多模态大模型，与前端团队合作，参与中间件平台的开发；\n3.在指导下编写高质量、可维护的代码，学习并遵循软件开发最佳实践；\n4.学习并参与后端性能的监控和优化；\n5.与其他团队成员紧密合作，共同推进项目进度。\n\n任职要求：\n1.计算机科学、软件工程或相关专业在读学生\n2.对AI领域有兴趣，愿意深入了解相关技术和应用；\n3.对Golang及相关框架有一定了解；\n4.对数据库技术有一定了解，如MySQL、NoSQL等；\n5.具备良好的团队协作能力，能够与其他团队成员积极沟通、高效协作。\n\n个性特征：\n1.具有良好的学习能力，对新技术有敏锐的洞察力；\n2.有责任心，工作认真细致，具有较强的自我驱动力；\n3.良好的沟通能力，能够清晰表达自己的观点和需求，顺畅地与团队成员合作；\n4.具有开放的心态，愿意倾听他人意见，对自己保持谦逊的态度，不断学习和成长。", "地址": "长沙岳麓区麓谷·新长海中心b2栋304", "地区": "长沙", "工作时间": "5天/周 2个月", "学历": "本科", "职位描述": ["Golang", "Gin", "Docker"], "id": "kdEa71tMeP6tX-F1r3duznmcZOf5zUqu49dlL6t0jh6obcyaTNLB6hQT2L7K2mHIDpaE4nVs4UFqWALW3X4tJtQeoiGjJp0dHGl7u5lXU2bof1wjzF8uJ6HZmzE_dYBrGDo6qj-YjEsIhyL91UaSA2ScDPFOb7nE4K2TfCcy7cAWrbBkAgK_de43vkAqgc0~"}, {"标题": "Python开发", "类别": "Python", "薪资": "4-8K", "职责": "工作方向：\n\n是网易游戏合作的三方玩法组件的开发，面向引擎开发的，相较于极强的代码能力更需要问题解决的能力！\n\n\n岗位要求：\n\n1.熟悉python基于语言，基于python2.7版本进行游戏脚本引擎项目开发。\n\n2.热爱游戏，喜欢游戏相关的开发，并愿意学习游戏相关的技术。\n\n3.有一定的自学能力，能独自处理遇到的问题。\n\n4.有较强的抗压能力，在业务高峰期可以追赶进度。\n\n\nPS:接受应届生、实习生。投递简历的同时请附带github个人主页地址\n\n\n薪资待遇：4k-8K底薪+月绩效奖金+年终奖+餐补，不算年终奖综合月薪6-10k", "地址": "长沙天心区湘煤大厦1108", "地区": "长沙", "工作时间": "经验不限", "学历": "大专", "职位描述": ["Python"], "id": "Ostb7LRvuZT4s-Y10UxtCWUbQ93QWqyY3ENUh34COokyt_OtYAKYeWHDGZaNFq6ksPgR-g2nYxPmYqe3c22cXJXML7yQM5xMbPtFlHI-4Eio1ZSlJE9Pmh-rFDMBFVTudwF5DSaiAYe26KM9k2DuDOSYxb0XD4pdomnMaaIizAAP5rNa6WQGXaT89XXix_iR"}, {"标题": "技术支持、实施", "类别": "IT技术支持", "薪资": "5-10K", "职责": "感谢大家关注，\n该岗位暂时不招聘25年毕业实习生，\n该岗位暂时不招聘25年毕业实习生，\n该岗位暂时不招聘25年毕业实习生，\n【该岗位会驻场外地2年，该岗位会驻场外地2年，该岗位会驻场外地2年有意向可以直接发简历！！！】\n\n职位描述： \n1、负责公司产品及系统的实施工作，推进项目顺利进行； \n2、负责客户现场培训、项目验收，负责项目维护；\n3、负责项目实施： 包括常用操作系统、公司的软件安装、调试、定制开发及维护；\n4、客户现场问题反馈、跟踪、处理；\n5、若有实施经验的优先，若有操作系统和软件环境搭建经验优先。\n\n任职资格： \n1、熟悉Windows、liunx等服务器的安装与配置，以及各种操作；\n2、计算机相关专业，熟悉相关产品和软件的安装，能够解决软件安装过程中出现的各种问题； \n3、对数据库有一定的了解，熟悉基本SQL操作； \n4、具有较强的工作责任心、能吃苦耐劳，适应经常出差客户处理问题，\n5、具有良好的沟通能力，具有团队合作精神的欢迎随时面试，\n6、如果了解掌握Linux操作系统、数据库、通讯协议原理更好。\n\n面试/上班地址：开福区芙蓉中路盛大金禧国际金融中心\n面试/上班地址：开福区芙蓉中路盛大金禧国际金融中心\n面试/上班地址：开福区芙蓉中路盛大金禧国际金融中心\n\n薪资福利：入职立买五险一金，餐补、过节费，带薪年假，周末双休、优良的办公环境\n\n面试流程：填写表格-初试+复试—结果\n\n莫文蔚的阴天晴天孙燕姿的雨天都不如你来我们公司和我聊聊天~\n都不如你来我们公司和我聊聊天~\n都不如你来我们公司和我聊聊天~\n都不如你来我们公司和我聊聊天~", "地址": "长沙开福区盛大金禧12楼1203号", "地区": "长沙", "工作时间": "经验不限", "学历": "学历不限", "职位描述": ["Linux", "SQL", "网络协议"], "id": "NLDcnpGRUtBIe-31EV8u1InX4muPoefqHevgYhAtEtUS4NEYNUF2c4UKPVePFo82zT0T0CtKRmXwDhfLRe-iCGokaDjo8NlIk1JwHbWd4NjDqVhmZsTOv8nr3Fkaf56ZTUXfjrtnemuLuZrrPYZpOHXV67WtpXUzX4UiCr9ZzRqUo8Ldx8HWQJZLWWNa-w~~"}, {"标题": "实习全栈工程师（前后端均可）", "类别": "Java", "薪资": "50-100元/天", "职责": "具备前后端独立开发能力\nspring boot +vue\n熟悉相关的前后端框架\n熟悉企业微信相关接口\n熟悉或开发过进销存或企业微信scrm系统\n熟悉侧边栏和相关应用开发\n能够基于原有系统进行二次开发\n具备前后端能力", "地址": "长沙开福区北辰三角洲国荟52层", "地区": "长沙", "工作时间": "5天/周 1个月", "学历": "学历不限", "职位描述": ["Java", "SpringCloud", "MySQL", "PHP", "MyBatis", "Spring", "ERP开发经验"], "id": "etgPk7kztVD93-I1mLki-uhJtTcglQt1QLxHu6Zac8O-1egdz9wMKAaPqJk2zGtuaS1X5ODP38FXjKb8f8SgOGeZzNoqm1TgmTIk_5fL9R-roKXSmGy_Cnwm22qcQ6cadjDFB2ZjQVO9ktSOHwRV5cMfb98kFjKVYPFUXZU-xGU0PHUPc_v9uAA3f3mpQw4~"}, {"标题": "python 课程开发实习生", "类别": "Python", "薪资": "100-150元/天", "职责": "工作地点：湖南长沙中电软件园13栋1楼\n招聘人数：1人\n\n技术要求：\n1、熟练使用Python 语言；\n2、有物理，数学，电子，等等经验优先；\n3、有爬虫经验，可视化，pygame使用，等优先；\n4、了解人工智能Web应用系统 Flask/Django同学优先 ；\n岗位要求：\n1、计算机、数学等理工科专业，本科以上学历，优秀者专科也可；  \n2、参加过 python 编程比赛获奖的同学优先；\n3、文案水平高或者写过技术博客的同学优先；\n4、口齿清晰、普通话流利。\n工作内容：\n1、了解平台使用规则，并且熟悉整个工作流程。\n2、在熟悉平台的使用规则后，尝试制作简单实验。\n3、学习 python 可视化，基础知识。\n4、制作Python 基础等相关课程，进行课程开发。\n5、接收外包实训制作内容，帮助并解决制作中所出现问题。\n6、收集学习python知识并制作相关课程体系。\n7、对接老师，构建优质python课程。\n\n工作制度：\n五天八小时，双休！\n弹性上下班，上班不用赶！\n节假日福利，端午粽子中秋月饼不能少！\n\n智擎科技拥有全国性的实践教学平台《头歌》，服务于全国高校，在这里可以接触到如，国防科技大学、华中科技大学、中南大学、等等各大高校老师及其课程。在这里业余时间有学不完的课程，从程序语言设计到人工智能，从软件到硬件，应有尽有；在这里有可供你发挥想象的资源支持，毕业设计，实习证明不用愁。还犹豫什么，快快到碗里来，名额有限先到先得。", "地址": "长沙岳麓区长沙中电软件园13号楼13栋2楼", "地区": "长沙", "工作时间": "5天/周 6个月", "学历": "本科", "职位描述": ["后端", "Python", "计算机相关专业", "数学/统计相关专业", "全栈开发经验"], "id": "1RBuCPUv54ZQ3-r14mPjjeGo8un38u0-9xZx6k766XsqmDKjjPitHDUqldxMx-lJhdhleOKie96nSn4wc51Actz24HhqacGxA2bvcCfvvkHB6rdIZIWpNeK6GNtTWdiBD3vwm56A-B3WcAExtf_ZKgmty--MFho_Fgm7mzOX2YM1r8dFEKJFST6sVa3A1O4~"}, {"标题": "python数据分析师", "类别": "Python", "薪资": "4-9K", "职责": "岗位要求\n1，要求熟悉python爬虫技术，有独立且快速实现爬虫的能力，具备js解析能力\n2，有一定的PYQT5或WXPYTHON的知识\n3，有丰富的数据清洗能力\n4，有一定量化开发的知识，用过tushare，baostock等数据接口\n5，要求善于沟通，学习能力强\n\n要求技术过硬，能够独挡一面，可接受实习生，但要一定写代码的能力\n\n工作地点在长沙梅溪湖\n8小时弹性工作制，五险一金", "地址": "长沙岳麓区达美美立方1栋", "地区": "长沙", "工作时间": "经验不限", "学历": "大专", "职位描述": ["爬虫", "机器学习/算法工程", "Python", "爬虫经验", "机器学习工程经验"], "id": "ExP6sjDzp14mi-m1jR4C0bqzCxZU7jpL8ZEfttsMaYI-hpdFcAfl4JK7ak27_MYi4-XY9yUeVcrQO6foADcEkKUhphfQU0EhACj20PYZ-J2RsE23nRYrzIcjy-IsRcABKYvdz0oEUKXyVPnSzsjrQOujgq1nUSSk4kGfBCXqK7hK8zfNsv8GHExPQBCw7hQ~"}, {"标题": "数据分析师", "类别": "数据分析师", "薪资": "260-500元/天", "职责": "岗位职责：\n1. 协助业务数据的数据挖掘、数据清洗、数据分析等工作；\n2. 协助建立分析模型，撰写分析报告；\n3. 针对不同客户需求，协助制作定制化的分析方案。\n\n岗位说明：\n1. 本岗位为面向在校学生的实习岗，需实习6个月以上，每周需在岗3天以上，毕业可签正式劳动合同，暂不考虑2024届同学。\n2. 入职有师傅带，有充分学习和成长空间；\n3. 提供中晚餐，有租房需求的，除实习工资外，公司另有租房补贴。\n\n任职要求:\n1. 全日制本科及以上学历，计算机/数学类相关专业；\n2. 熟练使用Excel、Kettle等数据处理工具；\n3. 熟练使用Oracle、MySql数据库，能够书写复杂的SQL语句及存储过程;\n4. 熟练掌握Python等脚本语言进行数据处理及分析，熟悉Python等数据类型、数据结构和常见工具包；\n6. 较强的数据敏感度，逻辑分析能力和文档写作能力;\n7. 了解黑灰产行业基本知识或参与过公安业务优先！能够胜任相关资金分析工作或有相关经验者优先！有区块链相关背景优先;", "地址": "长沙岳麓区长沙王府井FAMILY PARK购物中心(河西店)桐梓坡路", "地区": "长沙", "工作时间": "3天/周 6个月", "学历": "本科", "职位描述": ["SQL", "Python", "数据分析/挖掘经验", "计算机相关专业"], "id": "i2y5R9sNfQFyg-P1b-rvf9_hcCkgqnwiTM3x-IL3NrGhpAgM2Sd0Ftei0avHjLNk66dkC8A41EwIBoaLtOqwGdX37uUTkPxx274xlweuDlkzO4hSm6F2sBY-pOBr7h8Fjj35Wfq6u0rvPF99sxGUCE95tOjpzMgPyq_Jhf4dQOt5GErsp0Yx5XvcL5huW0cU"}, {"标题": "数据分析实习生", "类别": "数据分析师", "薪资": "60-70元/天", "职责": "岗位职责：\n1、针对行业内各个渠道数据来源统一标化，形成基础数据库\n2、将各渠道数据统一逻辑，分类汇总\n3、根据业务需求，呈现数据报表，支持业务决策\n任职要求：\n1、性格沉静，耐心细致\n2、分类总结、归纳整理能力强\n3、工作态度端正\n4、excel及其他分析软件使用熟练\n岗位福利：\n免费提供午餐、住宿\n前期实习期间工作事项简单不复杂，优秀者可转正，转正后薪资4.5K做有", "地址": "长沙开福区湖南金六谷科技园13楼", "地区": "长沙", "工作时间": "5天/周 3个月", "学历": "本科", "职位描述": ["数学/统计相关专业", "药学相关专业"], "id": "CcWxhbvVPbjhL-g1QYb_b5HPTmuqdrTm3JJr-kFjlG2uo168UJqEmA1xqZEhwm3lUsVRRQJAnskUVM1h8JCG0qqeONcKWpJmZpKnJ8lulKEGxColbUD5BaQuKRRw38ElTUj4se0vs05R6-3Ncqw13ulmb7IQU1xlMnfT2ARb6yXWqhFQzr8eYsMckkdx0xXh"}, {"标题": "算法实习生（计算机图形学方向）", "类别": "算法工程师", "薪资": "5-10K", "职责": "算法实习生（计算机图形学方向）\n\n实习岗位 ，请各位同学先确认好自己的时间安排是可以全职到公司实习的再投递简历，实习期至少三个月，实习期间若学校有重要活动，或毕设论文答辩等可以提前沟通请假。时间不合适者请勿投递简历！！！\n\n面试流程：线上简历审核----面试（本地学生线下面试 ，外地学生可安排线上面试）----通知面试结果\n\n岗位职责：\n1、计算机图形学相关算法的研发；\n2、专业材料撰写；\n\n任职要求：\n1、该岗位欢迎在读研究生、本科以上应届毕业生加入，实习补贴为150~200元/日，周末双休！提供日饭补，外地学生可提供租房补贴。\n2、该岗位至少实习3个月，实习完毕后筛选优异者可留任公司。\n3、计算机、数学、软件工程等相关专业，有在专业期刊发表过论文者优先。", "地址": "长沙雨花区维也纳酒店(井湾子木莲中路店)维也纳大酒店商业楼10楼1021室", "地区": "长沙", "工作时间": "经验不限", "学历": "本科", "职位描述": ["C/C++", "计算机相关专业", "数学/统计相关专业", "OpenGL"], "id": "1xHgRy7gwId72-11E7kQIqLhXaD11ai1IUXOametGtXQ7KKlFg-VTrGgp66KSwbin1T8VkxNYBeIeom8x7zpDr3uHBm070cDnhXik39edBlegSiK3DQUpkeY0S-mLAfoRtnOExDzzPbTyKDaGUXdToLZuitrXwZa3i3OndIWjOVM19jIIBJpPmkNYZDN7w~~"}, {"标题": "vue开发工程师", "类别": "前端开发工程师", "薪资": "150-200元/天", "职责": "VUE开发，uniapp开发\n任职要求: 远程办公\n岗位经验: 完整开发过uniapp即可", "地址": "长沙岳麓区蓝光·雍锦半岛2101", "地区": "长沙", "工作时间": "5天/周 1个月", "学历": "大专", "职位描述": ["Vue"], "id": "diFpathksOOKT-W1Aiuvx9MrT3MoX2hqRP9fRUUUV5ryWey4DVUuVGNTipsgWufBjDjvJNuMSN00UhTbBoya1ACJtCl1lyAZqcAE4xUOUZRxsQ2o10cXk2H3_ed8ALCfn9FWMeQDX0UjFzx4yrscORhANAWU2N9_UrsvapmprrQmSNY8iReAxisBsS6ekRw~"}, {"标题": "前端开发工程师", "类别": "前端开发工程师", "薪资": "7-10K", "职责": "熟悉前端技术框架，熟悉VUE技术，不接受应届生、实习生！", "地址": "长沙天心区中信城市广场·雅居6栋B座1405", "地区": "长沙", "工作时间": "3-5年", "学历": "本科", "职位描述": ["Vue", "Java", "计算机/软件工程相关专业", "前端开发经验", "架构师经验", "不接受居家办公"], "id": "OWX9BDJqAXhBZ-N1UKDP3BNRFw72AqhtVqgSweDp7uEfx0lhei-iEzUhsZYw3RL5RlGoZsZLnxaGo2yoJrOhLdELksE4R8J96hc2ig1lhrsgP2Hn2Gp60TzjUAA15oq0LiwiKLz5FP-d3SJO8oY1rRDs4okyikH4dEvNBZxkk4K-DKg7OHXydpCxmvpfvUn7"}, {"标题": "前端开发实习生", "类别": "前端开发工程师", "薪资": "100-150元/天", "职责": "岗位职责： \n 1、负责公司产品前端功能开发；\n 2、根据产品需求完成功能模块编码、测试工作； \n 3、按照产品研发计划，完成开发任务； \n 4、完成项目组分配的其它工作；\n 任职要求：\n 1、2024届应届毕业生，计算软件相关专业； \n 2、有扎实的HTML、JavaScript、CSS等开发基础； \n 3、熟悉Vue、Ant-design、Typescript及相关开发工具； \n 4、了解其他开发语言，如Java、Python优先；\n 5、思路清晰，责任心强，具备良好的沟通能力、团队精神。\n其他：\n 1、实习薪资 100-150/天 双休 实习期可在毕业后抵试用期", "地址": "长沙开福区富湾国际3栋1401室", "地区": "长沙", "工作时间": "4天/周 3个月", "学历": "本科", "职位描述": ["JavaScript", "Vue", "Python"], "id": "zs3XsPcvZj72m-R18IJkKiVuzkknUm-annRNahmAr5r4rhRbrwbAKX58_4td9LDr-tlw9dt-_pvSYpR1oldXrH8XG894Vl_xtQzjluX9T5lxOYFaBtuZ4IiqpTEXmwvRuu2LHla_OE0Dzf6krVomh_qpUNlFFbpVoD4E5cQs_WJ8UJm8MHJGD56oY9jpvEBj"}, {"标题": "研发", "类别": "Java", "薪资": "50-100元/天", "职责": "1.研发类：JAVA开发工程师、C++开发工程师、前端开发工程师、数据开发、测试开发工程师、产品经理、解决方案经理、交付、数字编辑、数字出版、UI设计\n2.3个月实习时间，可转正实习。", "地址": "长沙开福区湖南省新闻出版大厦2楼", "地区": "长沙", "工作时间": "4天/周 3个月", "学历": "本科", "职位描述": ["Java", "Python", "C++", "Spring", "不接受居家办公", "架构设计经验"], "id": "FEqS2MaQDPG0n-M1sJ9ALBRqwDvNyuIEqUR37YGlci2ey-hpHXPO7S-jZfsy1KlmnNDH5HE7IcPEEzPe_BYqfnOCpUFFxKWsDXtBRhp8zTo-w4fBfJDDBOf_g77ZjL0Ab1QjG3etdnEgczDN1EMF-obrUxDFy7dzHtuxJvUjYFJtXaMnYx9kZ2_dxdXKDQ~~"}, {"标题": "Golang开发实习生（base长沙 有转正）", "类别": "Golang", "薪资": "200-250元/天", "职责": "岗位职责：\n1. 参与项目功能开发和测试工作，根据需求完成相应模块的编码和测试，保证代码质量和功能的完整性。\n2. 维护现有项目，修复bug，优化系统性能，确保项目的稳定运行。\n3. 与团队成员合作，参与讨论和实现模块功能的技术方案，积极提供解决方案和建议。\n\n任职要求：\n1. 在校本科学历及以上，计算机科学或相关专业，具备计算机基础知识，包括计算机网络、操作系统、数据结构和算法等方面的基本概念。\n2. 具备基本的编程能力，熟悉至少一种编程语言（如Golang、C++、Java、Python等）。\n3. 具备快速学习能力，能够迅速掌握新知识和技能，并能够自主学习和探索。\n4. 有良好的问题解决能力，能够分析问题、寻找解决方案，并进行实践和调试。\n5. 具备团队合作意识，能够与团队成员有效沟通和合作，展现积极的态度和团队精神。\n6. 有持续学习的心态，对计算机技术有浓厚的兴趣，愿意不断提升自己的技能和知识。\n7.有转正HC。", "地址": "长沙岳麓区湖南华顺信安科技有限公司", "地区": "长沙", "工作时间": "4天/周 3个月", "学历": "本科", "职位描述": ["Golang", "计算机相关专业", "Golang服务端开发经验"], "id": "Wjvi4pepUMXiM-j1rVheODyIXxBMBPorluSjH1ep-Jpw11SL4PaCy_krREc89r6VE-D-L8exLtGe8dIN06Hdv_0YLEjTSdJUvPWnQoZUM75D6OiKKNUYv4BmGsezk91xonL44pTBlZEwHHdlRLhvTnxptaD3QSGgKyhuaT61IpUs66ULowvIe2aMlONl5tGmHw~~"}, {"标题": "测试工程师实习生", "类别": "测试工程师", "薪资": "150-200元/天", "职责": "岗位职责：\n1、搭建测试环境，做好测试前的预备工作\n2、 根据项目需求和计划能够设计和编写测试用例\n3、执行测试用例，熟练运用bug管理系统并按照规范提交bug，善于发现问题\n4、协助开发定位问题，能够与开发人员进行沟通。了解并分析问题根因，负责问题的跟踪和反馈;\n任职要求：\n1、计算机相关专业优先\n2、计算机基础知识扎实，了解软件测试理论知识，熟悉软件测试流程，熟悉测试用例设计，知晓相关设计方法\n3、工作细心，耐心，有责任心，有较强的沟通能力和团队协作精神", "地址": "长沙岳麓区中电软件园总部大楼4楼402", "地区": "长沙", "工作时间": "5天/周 3个月", "学历": "本科", "职位描述": ["功能测试", "性能测试", "自动化测试", "计算机相关专业"], "id": "mCXTI5w09ynTZ-n1GkIl7wP3ucLDvnufCJ694Ur6q4X1P2QvivbRrNEoIQhH7RR2gm-MJ3OwhLLNchmHJCTUAVaPSTgbIvWiHXRSUnt7lGpbXnbYw49YsE-vJRaNnchYyKET5oOm-C0htrwLyxBGOYDqA74rd7f8B_gpALD_Phq0pVBc4e8EOvjd_6JeHyk~"}, {"标题": "数据清洗实习生", "类别": "数据采集", "薪资": "100-150元/天", "职责": "岗位职责：\n1、负责大模型训练数据集的清洗；\n2、对数据集进行数据预处理；\n3、数据质量检测，数据统计等。\n任职要求：\n1、有数据清洗、整理和标注经验；\n2、有良好的编程经验，Python 优先；\n3、善于学习，具备通过阅读文档或源码解决问题的能力；\n4、良好的文档撰写能力，能输出规范的研发过程文档；\n5、良好的团队沟通协作能力。", "地址": "长沙开福区凯乐微谷(建设中)B座17楼泛联新安", "地区": "长沙", "工作时间": "3天/周 3个月", "学历": "本科", "职位描述": ["爬虫工程师", "计算机相关专业", "数据处理经验", "Python"], "id": "CgSqfl6eUHoWG-I1moTo6l3wtgmb8yz0IcH7LWbP1qKhTwnzm8bsCpIe4yM6IivUthpMRJw-brLxbCDB-hGoXzttjRziKAIcm7srUhD79qH4EdD4v1j27Y9dBhw_pGs3CBKlMyJ-gZQ_GIheRxLcYr44s0Q0zTWr89wtA15De9p__BFHuoeI9F60qa_jG3Y~"}, {"标题": "Python开发工程师", "类别": "Python", "薪资": "70-140元/天", "职责": "1.熟悉Python在web开发和移动端开发中的相关知识\n2.自己练习或参与过培训，完成一个以上项目开发的完整流程\n3.有电商项目开发经验者优先考虑", "地址": "长沙雨花区湖南出口产品聚集区6021号", "地区": "长沙", "工作时间": "5天/周 3个月", "学历": "学历不限", "职位描述": ["WEB开发", "移动端", "Python", "后端开发"], "id": "HboXKmIfPqidW-n1wTAld33WqO6q8o8A8kQ0yshvcJY30WVp16HatDA2W2mA5lU5jDKbnl_bYCWRR15MwUXggC07h0mafgigHknpWs9PM5kJTxctcmlyz1a79X1RUqSd_gdxhCx5LYDCe8Q6ZqrTLoXkrDk8Hd0rFcxykJG9A2nY2l7Cy0ZqKFFTOl4_4fk~"}, {"标题": "小程序开发专员", "类别": "IT技术支持", "薪资": "4-5K", "职责": "1.优秀实习生或应届毕业生\n2.有一定小程序开发经验、自己做过小案例\n3.创业合伙人，有志青年。", "地址": "长沙岳麓区尖山安置小区4栋7楼7048", "地区": "长沙", "工作时间": "在校/应届", "学历": "大专", "职位描述": ["MySQL"], "id": "O8xXMVni3i6Ba-O1pYHDDORcPlof0e0spq__tJcoY7OSMJbCV-6qgE7kNRRUVf_cuPbk9q_YUPOzIftxpvfMW6bB8A-wK2UHzRXi7KPssmzYsr2Bzi6CaBZYu3ue4N8zsACD7n17Uh65wKuDAf5OVL487o_CFOi6zsYTkxLcw0xSTQr8vJsqZ4yb8lvBWp3i"}, {"标题": "程序员实习生", "类别": "C#", "薪资": "50-70元/天", "职责": "职位详情\nMySQL .NET VB 服务器配置 数据结构 \nSQL Server Visual Studio \n1、软件开发:C#软件架构设计，软件开发，报表开发等软件开发相关工作;\n2、软件工程:需求梳理，软件设计、测试、文档编制等软件工程全流程工作;任职要求:\n1、计算机科学与技术或相关专业大专及以上学历，本科优先;\n2、可以用C#开发桌面或web端程序，熟悉JQuery，JavaScript等前端技\n3、熟练掌握SQL.熟悉MSSQLServer，mySQLSQLITE之一;\n4、自我激励，积极主动的工作态度，良好的团队合作精神，学习能力强。", "地址": "长沙雨花区复地·星光天地4号楼1212", "地区": "长沙", "工作时间": "6天/周 4个月", "学历": "大专", "职位描述": ["C#", "SQL Server", "MySQL", "C#开发经验", "数据结构", "服务器配置"], "id": "Xh2IZKUpq6KBI-u1WlgHHdY5unYqSzVDKc3usHbEHYHskjPMokAJxMSLpLLEGc9BMmD1mTN87XPnyNQjuMmAlbGyYf25QXZ9K2eIUqjhblO_O001l-Brh4RdSSVdjZ6PcNVotZkbOcN9JUaR86xjXGcq3Pc8HAF3IjTpVkRVC5ILnKKrMsQLWyvlxhGj0OWVNw~~"}, {"标题": "网络运行维护系统运维工程师", "类别": "运维工程师", "薪资": "5-7K", "职责": "岗位职责：\n1、编制系统运维实施方案、工作总结及过程资料等；\n2、编制系统检（抢）修方案；负责信息系统（设备）的升级检修工作；\n3、负责信息系统（设备）事件及故障处理；\n4、负责集成数据运维、配置信息维护、测试；\n5、负责运行监测、应用运行分析及优化工作；\n6、负责系统数据备份、恢复以及系统安全支撑工作；\n7、参加特殊保障及专项业务保障；\n8、提出在运系统优化改造需求，配合编制在运系统优化改造方案；\n9、参与建设或优化改造相关项目的实施工作；\n任职要求：\n1、原则上要求本科及以上学历， 计算机、信息、 电力系统等相关专业；\n2、一般应具备1-2年及以上信息系统运维操作等相关工作经验，或1年以上电力行业运维、开发、实施经验；\n3、熟悉H3C、华为和思科等网络设备，能独立完成网络与安全设备配置与使用；\n4、具备丰富的网络系统故障分析、排查和处理能力，熟练掌握网络协议分析等工具的使用；\n5、掌握信息系统运维相关工作制度和流程；\n6、熟悉运维范围内的相关专业知识；\n7、具备一定的运维范围内系统的技术分析能力，能够独立解决较复杂运维问题；\n8、具有良好的团队意识、服务意识、工作责任感，具备较强的沟通理解能力、文档写作能力。\n可接受23届毕业生、24届实习生\n上班地点", "地址": "长沙雨花区长沙总部基地8栋", "地区": "长沙", "工作时间": "1-3年", "学历": "本科", "职位描述": ["系统运维", "H3C", "华为", "思科"], "id": "r9jnNqCQBFUNM-B1FRUKYa47BOuqivVfS-06B1Q2KQdq0L840IwE1A0u2Lp784ypyO0vyftLn8MsFVVCzslgtGjlt2ksFfDQd7O2m0hAgE6uKJ32fEOKmHe68iYBsPqH2bt5VuhD_8esRI8hx1DcBAp1XlUjcKLABDDO34xax6PM78IK2c0giwU7uyHyzlr-Tw~~"}, {"标题": "VUE前端实习生", "类别": "前端开发工程师", "薪资": "50-100元/天", "职责": "【技术栈要求】：VUE3+TS\n  技术栈不符合不用投递，创业团队的创业项目很难有时间陪你一起成长\n  实习结束可以提供实习证明*1+推荐信*1\n岗位职责：\n1、负责公司Web页面的设计、开发和优化，确保页面性能、可用性和兼容性；\n2、与设计团队、产品经理和后端开发人员紧密合作，确保项目需求得到有效实现；\n3、负责解决前端性能优化、跨浏览器和跨平台兼容性问题；\n4、对前端技术进行研究和探索，跟踪前端技术发展趋势，提高前端开发效率和质量。\n任职要求：\n1、本科及以上学历（不是绝对），计算机、通信等相关专业；\n2、掌握Vue.js和TypeScript设计、开发、测试，能够协作团队维护前端应用程序。\n3、熟悉使用axios进行请求，熟悉Vuex或者Pinia状态管理库；\n4、CSS、JavaScript基础扎实，熟悉ES6，有足够的思维能力；\n5、能够看懂封装好的组件，具备解决问题和调试代码的能力；\n6、具备良好的团队协作能力，能够与其他团队成员沟通、协作，共同解决问题；\n7、对前端技术有强烈的兴趣和学习热情，善于学习和掌握新技术；\n8、创新思维：具备创新精神和创造力，能够不断探索和应用新的前端技术，提高前端开发效率和质量；\n9、独立思考：独立思考和自主解决问题的能力，能够在复杂的前端项目中自我驱动，具备自我管理和自我激励的能力；\n10、团队合作：具有良好的团队合作精神，能够与其他团队成员紧密合作，共同解决问题。", "地址": "长沙雨花区都市阳光大厦19楼1906室", "地区": "长沙", "工作时间": "5天/周 6个月", "学历": "本科", "职位描述": ["Vue", "HTML5", "JavaScript"], "id": "U8hGOVvCnd4Gn-j1Q1PPTLp53idKUKTE_PcGDcQ9VM44jayNVpqGNM7t3pRCybWhon7JI0lmonFqfYR2W_N9WOBMdaaMok2j3ZzLgbI7dZhE1DMKognFn-H_7EfXXySgKvSWZibpJBmgRPtbaWgtVAgna8S2TiMapef7r0dUmA2dR0dlqK2RSyc_ouJrslk~"}, {"标题": "前端开发实习生", "类别": "前端开发工程师", "薪资": "50-100元/天", "职责": "要求：有Html,CSS,jQuery,Vue.js基础。会任意一门编程语言。", "地址": "长沙岳麓区5G加速港5楼", "地区": "长沙", "工作时间": "4天/周 3个月", "学历": "高中", "职位描述": ["JavaScript", "HTML5", "CSS"], "id": "8Xo9RyQ3eOWO5-916KcTpoD-tMbqv_H2QUT7Dd_UJAGNusFaeAtC_S4OQYUhNZWSW9f5yX-CHHIwb9eY71EFpk3fgIMrP_jeCcjBgL-VGTOCwDjPoIHMsnOotrMDXsX27fvfY-McmI2QQUMgJS1C6akOAxRqn4BJ4sDUq0pQWFY9zskI0aYCzSWzX-virODi"}, {"标题": "数据分析员（5-7K+不加班+餐补）", "类别": "数据分析师", "薪资": "5-7K", "职责": "工作职责：\n1.在规定的时间内，对文科类学术课题的稿件进行校对、润色或修改；确保稿件质量达标；\n2.协助高级编辑经理查找企业年报、国家统计局、商业局等相关指标数据；\n3.运用SPSS、STATA、R、EViews等统计学软件对相关学术课题做数据分析；\n4.对论文稿件进行编辑和校对，确保稿件内容正确、规范、完整。\n\n任职资格：\n1.全日制硕士及以上学历，统计学、数学、财务、计算机等相关专业；\n2.熟悉OFFICE办公软件，能熟练使用SPSS、STATA、EViews、R 软件等软件，其中SPSS与STATA需要非常熟练使用，并且会使用相关软件操作命令；\n3.对数据敏感且有一定的数据分析能力；\n4.熟练掌握囯泰安、Wind金融数据库、EPS数据平台等使用方法；\n5.具有一定的学习能力，喜欢数据分析与研究。\n6.接受优秀硕士实习生。", "地址": "长沙岳麓区喜地大厦14楼12室", "地区": "长沙", "工作时间": "经验不限", "学历": "硕士", "职位描述": ["机器学习建模经验", "数据分析", "数据分析师", "数据分析/挖掘经验", "应用数学", "Tableau", "SQL", "Python", "数学/统计相关专业"], "id": "lNygGnFpM3bEY-31H8U42xTYd2pP8R6bWUaTrvRJfTENjbfwNUNf0Il0QWgwTwiGPG1KG7BzMPOMSCWZRkieTowZ9g0DOvO4lhF0H7Xd3RLtOKqOrfC8CFM8UGDCRkjWrtMc324KJr5cCJNqu-BjjPhPzuUVVcddljpybDmKGtdUfKbXjGsyxYXORyPjdTjHNQ~~"}, {"标题": "前端开发实习生（长沙麓谷）", "类别": "前端开发工程师", "薪资": "120-180元/天", "职责": "1、熟悉基础网页技术（包括HTML/CSS/JS等），熟悉ES6语法，\n2、熟悉vue2/3，熟练掌握vue全家桶。\n3、具备跨端开发经验，熟悉uniapp或flutter；\n4、熟练掌握使用可视化控件库，例如，elementUI、Echart；\n11、良好的表达沟通能力。", "地址": "长沙麓谷信息港B座3层C015房", "地区": "长沙", "工作时间": "4天/周 2个月", "学历": "大专", "职位描述": ["JavaScript", "CSS", "Vue", "前端开发经验", "不接受居家办公"], "id": "AoAMR9QVug9r4-v1BHeWmJjfFtZKEDv-hR1_qwQcSd7_a4XllrgX_4y5l5ZKCmgdirF2EIA8uZkCe-MWfyu5oB0pr31IIswktKNeEPvHe0YcLq2AVbbdRlUOD_4aHPKisASTY79z3201XUZlOFjAWqUewqitCkJchtgK_xswXkHkTJwxgSdxtqh9xbP9tw~~"}, {"标题": "数学建模工程师", "类别": "数据分析师", "薪资": "100-140元/天", "职责": "1、数学或统计专业相关专业。\n2、能快速学习并掌握：概率算法与分析、应用。\n3、协助团队将理解概率算法，并向软件开发团队做技术交底。", "地址": "长沙岳麓区宇顺科技园长沙市岳麓区桐梓坡西路519号C栋2楼", "地区": "长沙", "工作时间": "5天/周 3个月", "学历": "本科", "职位描述": ["MATLAB", "SPSS", "数学/统计相关专业", "数据分析/挖掘经验", "机器学习建模经验", "金融分析、企业估值、资产定价"], "id": "kVTrfM_1XQHN9-F1-bpA6_W3h3SdMLN3DMRa5MCXmz4madQVjmyHtSwmXd85LTWZnhCkksPY9AVhJDT1jBWj2xoL8-JzyhR13qVjx18d2AOUG7Kfr4cGLCxk_3CTM2EuTrWKdPlTa3pjyYIejtCljwTrSoKn1V90PQY-w8F9ExLsyJhmTjGHc8fqyjF79XuHUQ~~"}, {"标题": "java (实习生）", "类别": "Java", "薪资": "200-250元/天", "职责": "岗位职责：\n1、完成软件系统代码的实现，编写代码注释和开发文档；\n2、辅助进行系统的功能定义，程序设计；\n3、根据设计文档或需求说明完成代码编写、调试、测试与维护；\n4、配合项目经理完成相关任务目标；\n岗位要求：\n1、本科或以上(优先考虑985/211本科院校、研究生或博士生），计算机相关专业优先，如无相关的专业知识，可视实际情况酌情考虑；\n2、具有优秀的执行能力和抗压能力，乐于主动反馈和积极思考；\n3、逻辑思维能力强，具备一定的技术知识和编程能力。对互联网及软件开发行业有兴趣优先考虑；", "地址": "长沙雨花区丽枫酒店(高铁南站长沙大道地铁站店)001", "地区": "长沙", "工作时间": "5天/周 6个月", "学历": "本科", "职位描述": ["Java", "Spring", "MySQL", "不接受居家办公"], "id": "FL_rJA78Esy0v-P1deyB_NYcykeOYtULlfSGBFlbD6uHSHOmX4iQUJC_x88MHVdSqunNrEgCcI9uZUZIQSCi47aosaMSqd-2dONfakw8q5_KID-GzryMoYQP2WQnx-siY8MEDtBB1Bf_ikEUVJcqxgNkGGpkV3hOo2OFyKz9x-ppxTie6M4U_K4Cz8PJUg~~"}, {"标题": "实习生（算法/软件/测试）", "类别": "算法工程师", "薪资": "150-200元/天", "职责": "发起沟通时请首先明确说明【目标岗位类型】和实习的【起止时间】：\n1、算法（硕士，6个月以上）\n2、软件（硕士，6个月以上）\n3、测试（本科，12个月以上）\n\n岗位职责：\n1. 协助自动驾驶和智能产品的（感知/定位/规划/控制）工程师完成【算法设计or软件实现or测试】工作；\n2. 鼓励研究成果发表论文和申请专利，表现优秀者可转正；\n\n任职要求：\n0.坦诚友善，踏实勤勉；\n1、能保证工作日正常上班，有事可请假；\n2、有计算机相关理论和编程实践基础；\n\n加分项：\n1、有扎实的感知/定位/规划/控制相关专业基础知识和良好的数学功底；\n2、熟练C++/Python，OpenCV/PCL，TensorFlow/PyTorch等；\n3、有相关领域项目或竞赛经验、高水平论文。", "地址": "长沙岳麓区湖南省检验检测特色产业园a3", "地区": "长沙", "工作时间": "4天/周 3个月", "学历": "本科", "职位描述": ["智能驾驶", "C/C++", "TensorFlow/PyTorch", "CNN/RNN/LSTM", "计算机相关专业", "软件测试", "深度学习", "人工智能"], "id": "20IVTbnNnvkqQ-41Kkc6IU-60mM5wceYJ0DqZjh7aQduWO7FUMcdf-db9lEGut-qmqvlL19oLKx9WBp5SvyIKA32AidU3Q_dRiKH5y6KGr6MiBeBnLEM0wpuDdlSBRW707cEL4j6sa9sbRIgOAOloKgdeDnREWeJaDPP70BYjxOd5pqdi3HjRQfspg7P5A~~"}, {"标题": "外企双休住宿+售后技术客服", "类别": "售后技术支持", "薪资": "5-6K", "职责": "工作内容：通过电商平台去负责产品的售后运营工作，通过电话的方式去处理客户的售后问题，无业绩压力，月休八天\n\n福利待遇：入职购买五险一金，提供公寓式住宿，满六个月晋升一次，享有年假，产假等各种福利假期\n交通便利，公司楼下200米即地铁2号线麓云路3号出口\n\n要求：大专及以上学历，可接受非全日制毕业生和全日制实习生。\n\n目前长沙分公司现有800+员工，大企业，晋升快，制度更完善\n公司均为95或是00后小伙伴们；年轻活泼的工作氛围与舒适的工作环境。", "地址": "长沙岳麓区梅溪湖创新中心2-4楼", "地区": "长沙", "工作时间": "经验不限", "学历": "学历不限", "职位描述": ["网络/通信设备", "计算机/通信相关专业", "网络/通信硬件技术支持经验", "技术客服专员", "无销售", "售后专员"], "id": "0EyzwAuby3AUq-I1FtOOUbVZo1Xf4BouZdPLrnI2kYu2DMhmzavwibyVPts6MoMRhFNfXxOmFgHQNV9JJJSF7aOJKGBAbUZgP0PkWfcIGuaexPVG_8dhzo8pCNsBpJm933GV-GoXAm8fnl_95fsqyJlZAvOGvEQpbiXhDafjGbQR9dSBXhZxYQO1UxUy08Rc"}]