{
  "code": 0,
  "message": "Success",
  "zpData": {
    "pageType": 0,
    "selfAccess": false,
    "securityId": "LXmle6fIB3sdk-m1gW_Ye5CzQmEhtk4DdNi8vo3p6ZMPEO9aM_zLFAb8fs33b0RhRmP31mzlCGFpPwve8FIOLXRnMMm-0fZJlonVnDFGWgSra4a6EwQo0a4JCEVvc9Ee6hI1DcNAPlfbAV_gkTWNDn2cjKIxvkAkFrjtW6Og7IZhjx7U8kcT8qqwbK3d0A-chg~~",
    "sessionId": null,
    "lid": "2XMHfiFUWfz.search.2",
    "jobInfo": {
      "encryptId": "f7cff9842eaed27d1HR92tS8EVdQ",
      "encryptUserId": "a752724ad81a0dcb0nx52Nm7E1FY",
      "invalidStatus": false,
      "jobName": "机器人AI大模型训练平台研发实习生",
      "position": 100101,
      "positionName": "Java",
      "location": 101250100,
      "locationName": "长沙",
      "experienceName": "5天/周 3个月",
      "degreeName": "硕士",
      "jobType": 4,
      "proxyJob": 0,
      "proxyType": 0,
      "salaryDesc": "150-250元/天",
      "payTypeDesc": null,
      "postDescription": "公司基本情况：\n湖南灵牛机器人科技有限公司作为领先的商用级智能机器人平台底座产品与解决方案提供商，致力于为客户提供领先的智能机器人通用平台产品及创新型解决方案，以”F（平台底座）+X（创新场景）”模式赋能数字化转型。公司核心团队成员来自于国内知名科技公司，拥有丰富的科技领域前沿技术研发及产业化推广经验。公司主营产品包括智能机器人通用线控底盘、高精伺服控制系统、机器人边缘计算平台、元宇宙数字孪生平台、机器人智能云等。团队在机器人高精伺服控制、多模融合高精视觉定位导航、空间计算、智能体云边端协同、机器人智能驾驶、多模融合人机交互等方面有拥有核心技术，已申报核心技术知识产权20余项，其中申报软件产品著作权11项，各类专利10余项。\n\n\n岗位职责：\n1、 参与开发用于承载机器人大模型的高效训练、推理平台，并进行算法的实现与优化\n2、参与业界前沿大模型、生成式AI、新一代空间计算等技术跟踪研究，进行效果评估和性能优化提升，设计并实现到训练系统中\n3、参与智能机器人平台产品技术的研发及场景实测验证工作，并同步推进相关知识和内容体系建设，推动相关成果在国际开源社区共享\n4、参与智能机器人技术布道工作，通过B站、YouTube、抖音等新媒体平台以技术公开课、技术主题直播、内容和活动等形式，提升公司业界影响力，构建开发者和用户生态\n\n任职要求：\n1、理工科背景，熟悉Ubuntu开发环境，熟练掌握 C/C++和 Java，熟悉Pytorch/TensorFlow中的一种，有CUDA开发和性能调优经验\n2、数学基础扎实，熟悉深度学习与分布式算法，能够清晰理解算法基本原理及实现方法，有大规模分布式算法相关开发经验者优先\n3、愿意成为社区技术分享明日之星，材料组织能力强，表达呈现能力强，呈现富有激情和感染力，有在B站、YouTube、抖音等新媒体平台直播分享经历者优先考虑\n4、潮流IP与科技爱好者，乐于技术分享，热爱钻研软件技术，有较强的自我学习能力和跨领域知识横向迁移能力\n\n\n福利待遇：\n1.本公司为初创成长型智能机器人平台产品高科技公司，行业发展前景广阔。\n2.公司为您提供具有竞争力的薪酬待遇和广阔的晋升空间。\n3.培训机会：享有公司专家团队提供的前沿技术培训及外部专业培训提升机会。\n4.福利关怀：不间断提供零食、饮品、茶点，公司为员工举办生日会，员工结婚、生育，公司提供贺礼一份！\n5.我们承诺：更多福利将随着公司的发展而逐步完善。\n\n工作环境：\n1.公司实行扁平化管理，年轻富有创意的团队，工作氛围融洽，充分尊重每一位创业伙伴。\n2.工作地点位于长沙市中心地段，地铁、公交、自驾交通出行便利。\n3.高档写字楼，优美的办公环境，现代化办公场地，办公、生活设施配套齐全。\n4.工作时间：9:00-18:00，单双周休假。",
      "encryptAddressId": "ec7d54e2715df57b1nR42dy_EltT",
      "address": "长沙天心区英维创新大厦909",
      "longitude": 112.986023,
      "latitude": 28.147383,
      "staticMapUrl": "https://img.bosszhipin.com/beijin/upload/amap_proxy/20230405/48ba41acc9cef1bf429a562422f3158a94a5a6f06b7269426bb61e3b7bce0931da574d19d1d82c88.jpg",
      "pcStaticMapUrl": "https://img.bosszhipin.com/beijin/upload/amap_proxy/20230609/48ba41acc9cef1bf2709dbbfd867fb0b4af2a055b6d5cc456bb61e3b7bce0931da574d19d1d82c88.jpg",
      "overseasAddressList": [],
      "showSkills": [
        "后端工程师",
        "C/C++",
        "Java",
        "Python",
        "计算机/软件工程相关经验",
        "分布式系统开发经验",
        "机器学习工程经验"
      ],
      "anonymous": 0,
      "jobStatusDesc": "招聘中"
    },
    "bossInfo": {
      "name": "王女士",
      "title": "经理",
      "tiny": "https://img.bosszhipin.com/boss/avatar/avatar_2.png",
      "large": "https://img.bosszhipin.com/boss/avatar/avatar_2.png",
      "activeTimeDesc": "刚刚活跃",
      "bossOnline": false,
      "brandName": "灵牛机器人",
      "bossSource": 0,
      "certificated": true
    },
    "brandComInfo": {
      "encryptBrandId": "44fb51838fa1d0401HR73dq-EFI~",
      "brandName": "灵牛机器人",
      "logo": "https://img.bosszhipin.com/beijin/icon/894ce6fa7e58d64d57e7f22d2f3a9d18afa7fcceaa24b8ea28f56f1bb14732c0.png",
      "stage": 0,
      "stageName": "",
      "scale": 301,
      "scaleName": "0-20人",
      "industry": 100018,
      "industryName": "智能硬件",
      "introduce": "",
      "labels": [],
      "activeTime": 1710747756561,
      "visibleBrandInfo": true,
      "focusBrand": false,
      "customerBrandName": "灵牛机器人",
      "customerBrandStageName": ""
    },
    "oneKeyResumeInfo": {
      "inviteType": 0,
      "alreadySend": false,
      "canSendResume": false,
      "canSendPhone": false,
      "canSendWechat": false
    },
    "relationInfo": {
      "interestJob": false,
      "beFriend": false
    },
    "handicappedInfo": null,
    "appendixInfo": {
      "canFeedback": true
    }
  }
}